-- MySQL dump 10.13  Distrib 8.0.41, for macos15 (arm64)
--
-- Host: localhost    Database: gdp_vs_population
-- ------------------------------------------------------
-- Server version	9.3.0

/*!40101 SET @OLD_CHARACTER_SET_CLIENT=@@CHARACTER_SET_CLIENT */;
/*!40101 SET @OLD_CHARACTER_SET_RESULTS=@@CHARACTER_SET_RESULTS */;
/*!40101 SET @OLD_COLLATION_CONNECTION=@@COLLATION_CONNECTION */;
/*!50503 SET NAMES utf8 */;
/*!40103 SET @OLD_TIME_ZONE=@@TIME_ZONE */;
/*!40103 SET TIME_ZONE='+00:00' */;
/*!40014 SET @OLD_UNIQUE_CHECKS=@@UNIQUE_CHECKS, UNIQUE_CHECKS=0 */;
/*!40014 SET @OLD_FOREIGN_KEY_CHECKS=@@FOREIGN_KEY_CHECKS, FOREIGN_KEY_CHECKS=0 */;
/*!40101 SET @OLD_SQL_MODE=@@SQL_MODE, SQL_MODE='NO_AUTO_VALUE_ON_ZERO' */;
/*!40111 SET @OLD_SQL_NOTES=@@SQL_NOTES, SQL_NOTES=0 */;

--
-- Table structure for table `pop_2024_copy`
--

DROP TABLE IF EXISTS `pop_2024_copy`;
/*!40101 SET @saved_cs_client     = @@character_set_client */;
/*!50503 SET character_set_client = utf8mb4 */;
CREATE TABLE `pop_2024_copy` (
  `county_state` varchar(100) DEFAULT NULL,
  `county` varchar(100) DEFAULT NULL,
  `state` varchar(100) DEFAULT NULL,
  `2020` bigint DEFAULT NULL,
  `2021` bigint DEFAULT NULL,
  `2022` bigint DEFAULT NULL,
  `2023` bigint DEFAULT NULL,
  `2024` bigint DEFAULT NULL
) ENGINE=InnoDB DEFAULT CHARSET=utf8mb4 COLLATE=utf8mb4_0900_ai_ci;
/*!40101 SET character_set_client = @saved_cs_client */;

--
-- Dumping data for table `pop_2024_copy`
--

LOCK TABLES `pop_2024_copy` WRITE;
/*!40000 ALTER TABLE `pop_2024_copy` DISABLE KEYS */;
INSERT INTO `pop_2024_copy` VALUES ('county_state','county','state',2020,2021,2022,2023,2024),('New York-Newark-Jersey City, NY-NJ ','New York-Newark-Jersey City','NY-NJ',19991108,19714596,19619844,19726871,19940274),('Los Angeles-Long Beach-Anaheim, CA ','Los Angeles-Long Beach-Anaheim','CA',13182895,12968590,12906936,12886400,12927614),('New York-Jersey City-White Plains, NY-NJ ','New York-Jersey City-White Plains','NY-NJ',12375885,12069420,11970876,12037135,12172495),('Los Angeles-Long Beach-Glendale, CA ','Los Angeles-Long Beach-Glendale','CA',9996634,9809239,9748447,9731837,9757179),('Chicago-Naperville-Elgin, IL-IN ','Chicago-Naperville-Elgin','IL-IN',9439531,9362043,9310017,9337814,9408576),('Dallas-Fort Worth-Arlington, TX ','Dallas-Fort Worth-Arlington','TX',7667594,7776611,7973603,8166110,8344032),('Houston-The Woodlands-Sugar Land, TX','Houston-The Woodlands-Sugar Land','TX',7169728,7246956,7403068,7598011,7796182),('Chicago-Naperville-Schaumburg, IL ','Chicago-Naperville-Schaumburg','IL',7257997,7176259,7122433,7142107,7198136),('Washington-Arlington-Alexandria, DC-VA-MD-WV ','Washington-Arlington-Alexandria','DC-VA-MD-WV',6260475,6259238,6289810,6345881,6436489),('Philadelphia-Camden-Wilmington, PA-NJ-DE-MD ','Philadelphia-Camden-Wilmington','PA-NJ-DE-MD',6242286,6254431,6252024,6280902,6330422),('Atlanta-Sandy Springs-Alpharetta, GA','Atlanta-Sandy Springs-Alpharetta','GA',6121086,6160570,6253070,6336015,6411149),('Miami-Fort Lauderdale-Pompano Beach, FL','Miami-Fort Lauderdale-Pompano Beach','FL',6133502,6109257,6211194,6334517,6457988),('Dallas-Plano-Irving, TX ','Dallas-Plano-Irving','TX',5151851,5229766,5375360,5513383,5641795),('Phoenix-Mesa-Chandler, AZ ','Phoenix-Mesa-Chandler','AZ',4875628,4949233,5029933,5102020,5186958),('Boston-Cambridge-Newton, MA-NH ','Boston-Cambridge-Newton','MA-NH',4930540,4911669,4931775,4967266,5025517),('Riverside-San Bernardino-Ontario, CA ','Riverside-San Bernardino-Ontario','CA',4608189,4646102,4675657,4704354,4744214),('San Francisco-Oakland-Berkeley, CA','San Francisco-Oakland-Berkeley','CA',4745673,4621751,4599793,4609445,4648486),('Detroit-Warren-Dearborn, MI ','Detroit-Warren-Dearborn','MI',4385445,4370015,4358510,4369590,4400578),('Seattle-Tacoma-Bellevue, WA ','Seattle-Tacoma-Bellevue','WA',4027979,4017215,4040080,4078828,4145494),('Minneapolis-St. Paul-Bloomington, MN-WI ','Minneapolis-St. Paul-Bloomington','MN-WI',3694260,3696733,3696911,3722476,3757952),('San Diego-Chula Vista-Carlsbad, CA ','San Diego-Chula Vista-Carlsbad','CA',3301182,3274244,3283755,3285890,3298799),('Puerto Rico','Puerto Rico','',3281590,3262711,3220137,3203792,3203295),('Tampa-St. Petersburg-Clearwater, FL ','Tampa-St. Petersburg-Clearwater','FL',3187970,3230564,3306285,3374078,3424560),('Anaheim-Santa Ana-Irvine, CA ','Anaheim-Santa Ana-Irvine','CA',3186261,3159351,3158489,3154563,3170435),('Arlington-Alexandria-Reston, VA-WV ','Arlington-Alexandria-Reston','VA-WV',3123825,3127804,3139652,3166205,3211542),('In Metropolitan Statistical Area','In Metropolitan Statistical Area','',3074578,3057366,3017944,3003160,3003314),('Denver-Aurora-Lakewood, CO','Denver-Aurora-Lakewood','CO',2970243,2978410,2991705,3020750,3052498),('Nassau County-Suffolk County, NY ','Nassau County-Suffolk County','NY',2912759,2926111,2916390,2915081,2928347),('Baltimore-Columbia-Towson, MD ','Baltimore-Columbia-Towson','MD',2846948,2847520,2846006,2847687,2859024),('St. Louis, MO-IL ','St. Louis','MO-IL',2819885,2813562,2803371,2805507,2811927),('Oakland-Fremont-Berkeley, CA ','Oakland-Fremont-Berkeley','CA',2846779,2807669,2795989,2800321,2821667),('Charlotte-Concord-Gastonia, NC-SC ','Charlotte-Concord-Gastonia','NC-SC',2668364,2706843,2761265,2822194,2883370),('Orlando-Kissimmee-Sanford, FL ','Orlando-Kissimmee-Sanford','FL',2680593,2699313,2783767,2864544,2940513),('Miami-Miami Beach-Kendall, FL ','Miami-Miami Beach-Kendall','FL',2695729,2669925,2713415,2774250,2838461),('San Antonio-New Braunfels, TX ','San Antonio-New Braunfels','TX',2568935,2605783,2660228,2715709,2763006),('Warren-Troy-Farmington Hills, MI ','Warren-Troy-Farmington Hills','MI',2595790,2594819,2595499,2607219,2629515),('Fort Worth-Arlington-Grapevine, TX ','Fort Worth-Arlington-Grapevine','TX',2515743,2546845,2598243,2652727,2702237),('Portland-Vancouver-Hillsboro, OR-WA ','Portland-Vancouver-Hillsboro','OR-WA',2517742,2517316,2510302,2521668,2537904),('Lakewood-New Brunswick, NJ ','Lakewood-New Brunswick','NJ',2487580,2505596,2515940,2533600,2561540),('Pittsburgh, PA ','Pittsburgh','PA',2455372,2450914,2434027,2429469,2429917),('Cambridge-Newton-Framingham, MA ','Cambridge-Newton-Framingham','MA',2435359,2427868,2439844,2461129,2492894),('Sacramento-Roseville-Folsom, CA ','Sacramento-Roseville-Folsom','CA',2401696,2409061,2423591,2434464,2463127),('Austin-Round Rock-Georgetown, TX','Austin-Round Rock-Georgetown','TX',2300249,2359088,2430375,2492618,2550637),('Las Vegas-Henderson-Paradise, NV','Las Vegas-Henderson-Paradise','NV',2275970,2296651,2321961,2354285,2398871),('Tampa, FL ','Tampa','FL',2228131,2270861,2341592,2406777,2458690),('Seattle-Bellevue-Kent, WA ','Seattle-Bellevue-Kent','WA',2274349,2253242,2271238,2296813,2340211),('Cincinnati, OH-KY-IN ','Cincinnati','OH-KY-IN',2252077,2252800,2263213,2282624,2302815),('Newark, NJ ','Newark','NJ',2214884,2213469,2216638,2241055,2277892),('Kansas City, MO-KS ','Kansas City','MO-KS',2195288,2203618,2209457,2228762,2253579),('Cleveland, OH ','Cleveland','OH',2184232,2170886,2164363,2166272,2171877),('Philadelphia, PA ','Philadelphia','PA',2177311,2167044,2147594,2143887,2158798),('Columbus, OH ','Columbus','OH',2142023,2147585,2168930,2195029,2225377),('Indianapolis-Carmel-Anderson, IN','Indianapolis-Carmel-Anderson','IN',2092864,2107860,2126541,2148172,2174833),('San Juan-Bayam처n-Caguas, PR ','San Juan-Bayam처n-Caguas','PR',2078965,2069071,2042857,2034546,2035484),('Montgomery County-Bucks County-Chester County, PA ','Montgomery County-Bucks County-Chester County','PA',2037950,2052777,2058967,2074608,2090066),('Boston, MA ','Boston','MA',2049443,2033912,2040182,2051864,2075988),('Nashville-Davidson--Murfreesboro--Franklin, TN ','Nashville-Davidson--Murfreesboro--Franklin','TN',2021825,2033685,2077922,2113986,2150553),('San Jose-Sunnyvale-Santa Clara, CA ','San Jose-Sunnyvale-Santa Clara','CA',1989335,1945023,1951368,1965478,1995484),('Fort Lauderdale-Pompano Beach-Sunrise, FL ','Fort Lauderdale-Pompano Beach-Sunrise','FL',1943497,1935655,1966237,2002786,2037472),('Washington, DC-MD ','Washington','DC-MD',1803007,1794681,1800710,1816125,1843357),('Virginia Beach-Norfolk-Newport News, VA-NC','Virginia Beach-Norfolk-Newport News','VA-NC',1781773,1785817,1785895,1788412,1794278),('Detroit-Dearborn-Livonia, MI ','Detroit-Dearborn-Livonia','MI',1789655,1775196,1763011,1762371,1771063),('Providence-Warwick, RI-MA ','Providence-Warwick','RI-MA',1673306,1676975,1680699,1688482,1700901),('Jacksonville, FL ','Jacksonville','FL',1613045,1641662,1681346,1723198,1760548),('Milwaukee-Waukesha, WI ','Milwaukee-Waukesha','WI',1574565,1563631,1564152,1567889,1574452),('San Francisco-San Mateo-Redwood City, CA ','San Francisco-San Mateo-Redwood City','CA',1637553,1554828,1546661,1553418,1570419),('West Palm Beach-Boca Raton-Delray Beach, FL ','West Palm Beach-Boca Raton-Delray Beach','FL',1494276,1503677,1531542,1557481,1582055),('Raleigh-Cary, NC ','Raleigh-Cary','NC',1417148,1451314,1483195,1522844,1562009),('Oklahoma City, OK ','Oklahoma City','OK',1430032,1444078,1462926,1481480,1497821),('Louisville/Jefferson County, KY-IN ','Louisville/Jefferson County','KY-IN',1363012,1361854,1365960,1377729,1394234),('Marietta, GA ','Marietta','GA',1343489,1357077,1378647,1399003,1419512),('Memphis, TN-MS-AR ','Memphis','TN-MS-AR',1346224,1342425,1341175,1340448,1339345),('Frederick-Gaithersburg-Bethesda, MD ','Frederick-Gaithersburg-Bethesda','MD',1333643,1336753,1349448,1363551,1381590),('Richmond, VA ','Richmond','VA',1316742,1326573,1339341,1353426,1370165),('Camden, NJ ','Camden','NJ',1287420,1293359,1299041,1308977,1321286),('Salt Lake City, UT','Salt Lake City, UT','UT',1260379,1263290,1272236,1282681,1300762),('Birmingham-Hoover, AL','Birmingham-Hoover','AL',1181816,1181164,1181300,1186201,1192583),('Fresno, CA ','Fresno','CA',1166047,1171898,1177521,1183301,1189557),('Buffalo-Cheektowaga, NY ','Buffalo-Cheektowaga','NY',1164486,1164777,1159211,1158070,1160172),('Grand Rapids-Wyoming-Kentwood, MI ','Grand Rapids-Wyoming-Kentwood','MI',1151580,1154728,1158524,1167100,1178826),('Hartford-West Hartford-East Hartford, CT ','Hartford-West Hartford-East Hartford','CT',1137369,1147394,1151750,1160000,1169048),('Rochester, NY ','Rochester','NY',1062975,1061174,1055881,1054815,1057218),('Tucson, AZ ','Tucson','AZ',1045227,1049083,1059412,1068579,1080149),('Tulsa, OK ','Tulsa','OK',1017411,1025983,1036199,1048266,1059803),('Urban Honolulu, HI ','Urban Honolulu','HI',1012407,1004349,995652,994576,998747),('New Orleans-Metairie, LA ','New Orleans-Metairie','LA',1005431,993781,975662,967205,966230),('Omaha-Council Bluffs, NE-IA','Omaha-Council Bluffs','NE-IA',969176,972875,978390,988866,1001010),('St. Petersburg-Clearwater-Largo, FL ','St. Petersburg-Clearwater-Largo','FL',959839,959703,964693,967301,965870),('Bridgeport-Stamford-Danbury, CT ','Bridgeport-Stamford-Danbury','CT',943159,950726,953585,961501,972679),('Greenville-Anderson-Greer, SC ','Greenville-Anderson-Greer','SC',930775,941600,961030,979608,996680),('Tacoma-Lakewood, WA ','Tacoma-Lakewood','WA',923655,927738,927313,931718,941170),('Albuquerque, NM ','Albuquerque','NM',917747,919682,920200,923477,926303),('Knoxville, TN ','Knoxville','TN',906083,916613,933626,947279,957608),('Bakersfield-Delano, CA ','Bakersfield-Delano','CA',906124,912782,917293,916646,922529),('Albany-Schenectady-Troy, NY ','Albany-Schenectady-Troy','NY',899778,905557,904216,907223,913485),('McAllen-Edinburg-Mission, TX ','McAllen-Edinburg-Mission','TX',872892,879929,889799,902443,914820),('Baton Rouge, LA ','Baton Rouge','LA',870319,872794,873586,877217,882652),('El Paso, TX ','El Paso','TX',869877,870978,872344,878319,879392),('Allentown-Bethlehem-Easton, PA-NJ ','Allentown-Bethlehem-Easton','PA-NJ',861575,870124,871414,878487,886418),('North Port-Bradenton-Sarasota, FL ','North Port-Bradenton-Sarasota','FL',837900,862535,894767,916536,934956),('Worcester, MA ','Worcester','MA',857092,862052,865735,872813,881248),('Oxnard-Thousand Oaks-Ventura, CA ','Oxnard-Thousand Oaks-Ventura','CA',843808,840009,835032,833071,835427),('Columbia, SC ','Columbia','SC',830179,837900,848473,859158,870193),('Everett, WA ','Everett','WA',829975,836235,841529,850297,864113),('Charleston-North Charleston, SC ','Charleston-North Charleston','SC',803525,814941,831230,851698,869940),('Dayton-Kettering-Beavercreek, OH ','Dayton-Kettering-Beavercreek','OH',814231,813905,813980,816546,821740),('Boise City, ID ','Boise City','ID',770272,797158,814129,828138,845877),('Cape Coral-Fort Myers, FL ','Cape Coral-Fort Myers','FL',765566,791013,826567,844226,860959),('Stockton-Lodi, CA ','Stockton-Lodi','CA',780676,788096,795880,805909,816108),('Greensboro-High Point, NC ','Greensboro-High Point','NC',774382,778420,785413,793159,800722),('Colorado Springs, CO ','Colorado Springs','CO',758549,763762,767534,771645,777634),('Lakeland-Winter Haven, FL ','Lakeland-Winter Haven','FL',730179,755712,790530,824172,852878),('Elgin, IL ','Elgin','IL',749122,752171,753241,758131,765503),('Little Rock-North Little Rock-Conway, AR ','Little Rock-North Little Rock-Conway','AR',749020,751803,758380,764683,769258),('Wilmington, DE-MD-NJ ','Wilmington','DE-MD-NJ',739605,741251,746422,753430,760272),('Lake County-Porter County-Jasper County, IN ','Lake County-Porter County-Jasper County','IN',718986,720880,722200,723369,726333),('Des Moines-West Des Moines, IA ','Des Moines-West Des Moines','IA',711239,720861,729453,740131,753913),('Lake County, IL ','Lake County','IL',713426,712733,712143,714207,718604),('Kiryas Joel-Poughkeepsie-Newburgh, NY ','Kiryas Joel-Poughkeepsie-Newburgh','NY',696910,704030,704863,706651,711730),('Provo-Orem-Lehi, UT ','Provo-Orem-Lehi','UT',675432,698252,717339,738375,760531),('Akron, OH ','Akron','OH',701689,696602,698506,700094,702209),('Deltona-Daytona Beach-Ormond Beach, FL ','Deltona-Daytona Beach-Ormond Beach','FL',671784,687477,707455,724514,739516),('Winston-Salem, NC ','Winston-Salem','NC',676410,681900,688725,696600,705187),('Madison, WI ','Madison','WI',681891,681112,690029,698503,707606),('Syracuse, NY ','Syracuse','NY',659619,657371,655604,654267,655189),('Wichita, KS ','Wichita','KS',648545,648580,649846,654920,661217),('Ogden, UT ','Ogden','UT',639155,646810,653107,660120,667681),('Palm Bay-Melbourne-Titusville, FL ','Palm Bay-Melbourne-Titusville','FL',608792,618000,631956,646705,658447),('Augusta-Richmond County, GA-SC ','Augusta-Richmond County','GA-SC',612228,616307,624645,630968,636760),('Jackson, MS ','Jackson','MS',618883,612538,609791,609217,606178),('Toledo, OH ','Toledo','OH',605777,602375,601058,601004,601396),('Harrisburg-Carlisle, PA ','Harrisburg-Carlisle','PA',592809,599797,604003,608806,615361),('Spokane-Spokane Valley, WA ','Spokane-Spokane Valley','WA',587787,593160,598108,601596,604962),('Durham-Chapel Hill, NC ','Durham-Chapel Hill','NC',582086,592921,601788,611301,620522),('New Haven, CT ','New Haven','CT',564526,568961,569866,572919,576718),('Chattanooga, TN-GA ','Chattanooga','TN-GA',564632,568177,575746,582452,588050),('Scranton--Wilkes-Barre, PA ','Scranton--Wilkes-Barre','PA',566802,568157,568723,571249,574009),('Fayetteville-Springdale-Rogers, AR ','Fayetteville-Springdale-Rogers','AR',549960,562793,578367,591895,605615),('Reno, NV ','Reno','NV',551298,559494,562212,566986,575110),('Portland-South Portland, ME ','Portland-South Portland','ME',552599,558373,563795,567916,571534),('Lancaster, PA ','Lancaster','PA',552834,556364,556991,560174,563293),('Modesto, CA ','Modesto','CA',553710,552939,552410,553921,556972),('Pensacola-Ferry Pass-Brent, FL ','Pensacola-Ferry Pass-Brent','FL',511634,517219,522590,531603,538928),('Lexington-Fayette, KY ','Lexington-Fayette','KY',517420,516646,519557,525814,533366),('Port St. Lucie, FL ','Port St. Lucie','FL',490130,504225,522261,540427,556336),('Huntsville, AL ','Huntsville','AL',494736,503948,515081,528694,542297),('Killeen-Temple, TX ','Killeen-Temple','TX',477233,487238,494841,503004,509487),('Santa Rosa-Petaluma, CA ','Santa Rosa-Petaluma','CA',488501,484561,483398,483366,485375),('Springfield, MO ','Springfield','MO',476382,481764,487114,491691,496975),('Visalia, CA ','Visalia','CA',473944,476939,478288,480747,483546),('Springfield, MA ','Springfield','MA',463714,462640,461440,462128,464151),('Lansing-East Lansing, MI ','Lansing-East Lansing','MI',473377,460015,473375,476605,479971),('York-Hanover, PA ','York-Hanover','PA',456754,459264,461385,465977,471240),('Waterbury-Shelton, CT ','Waterbury-Shelton','CT',449055,452095,453868,457609,462220),('Fort Wayne, IN ','Fort Wayne','IN',448623,451866,455058,458553,462978),('Vallejo, CA ','Vallejo','CA',452887,450819,449724,451060,455101),('Rockingham County-Strafford County, NH ','Rockingham County-Strafford County','NH',445738,449889,451749,454273,456635),('Corpus Christi, TX ','Corpus Christi','TX',446387,447850,446869,448766,450187),('Salinas, CA ','Salinas','CA',440506,439245,436427,435637,436251),('Wilmington, NC ','Wilmington','NC',425234,438030,454680,468265,480522),('Salem, OR ','Salem','OR',434308,437264,439374,440164,443416),('Santa Maria-Santa Barbara, CA ','Santa Maria-Santa Barbara','CA',448083,437117,445286,443521,444500),('Reading, PA ','Reading','PA',428693,429698,432281,435284,439117),('Youngstown-Warren, OH ','Youngstown-Warren','OH',429699,428153,426820,426342,426086),('Manchester-Nashua, NH ','Manchester-Nashua','NH',422929,424475,426307,427719,430462),('Brownsville-Harlingen, TX ','Brownsville-Harlingen','TX',421592,422805,425819,428508,431874),('Gulfport-Biloxi, MS ','Gulfport-Biloxi','MS',416672,418748,421071,422724,426793),('Mobile, AL ','Mobile','AL',414409,413164,411291,411745,412339),('Asheville, NC ','Asheville','NC',407570,410887,414360,418404,422333),('Lafayette, LA ','Lafayette','LA',408227,410593,413175,415438,419704),('Savannah, GA ','Savannah','GA',405312,409485,418858,426182,431589),('Flint, MI ','Flint','MI',405793,404713,402031,401711,402279),('Canton-Massillon, OH ','Canton-Massillon','OH',401254,400563,399685,399806,400551),('Anchorage, AK ','Anchorage','AK',398427,399924,401025,403228,407213),('Beaumont-Port Arthur, TX ','Beaumont-Port Arthur','TX',397287,395602,395039,397476,398733),('Fayetteville, NC ','Fayetteville','NC',389444,392820,392827,392998,393812),('Shreveport-Bossier City, LA ','Shreveport-Bossier City','LA',392522,388986,385316,384001,383269),('Tallahassee, FL ','Tallahassee','FL',385674,388343,391819,395143,397675),('Naples-Marco Island, FL ','Naples-Marco Island','FL',377331,387316,400510,410065,416233),('Eugene-Springfield, OR ','Eugene-Springfield','OR',384221,386082,386187,382151,382396),('Ocala, FL ','Ocala','FL',377464,385024,396661,412338,428905),('Montgomery, AL ','Montgomery','AL',385427,384672,385634,386500,387885),('Trenton-Princeton, NJ ','Trenton-Princeton','NJ',386492,382231,382165,386296,392138),('Davenport-Moline-Rock Island, IA-IL ','Davenport-Moline-Rock Island','IA-IL',383787,381705,379876,380346,381801),('Huntington-Ashland, WV-KY-OH ','Huntington-Ashland','WV-KY-OH',375706,372890,369936,368194,366920),('Atlantic City-Hammonton, NJ ','Atlantic City-Hammonton','NJ',369247,370711,371526,371580,372989),('Myrtle Beach-Conway-North Myrtle Beach, SC ','Myrtle Beach-Conway-North Myrtle Beach','SC',353779,366164,383372,398374,413391),('Hickory-Lenoir-Morganton, NC ','Hickory-Lenoir-Morganton','NC',365131,365795,367514,370108,373031),('Peoria, IL ','Peoria','IL',368313,365663,363597,363874,364565),('Ann Arbor, MI ','Ann Arbor','MI',371849,365041,367947,370398,373875),('Fort Collins-Loveland, CO ','Fort Collins-Loveland','CO',359932,362785,368017,371530,374574),('Spartanburg, SC ','Spartanburg','SC',356587,362480,373242,385441,395934),('Lubbock, TX ','Lubbock','TX',352164,355410,357390,361721,367109),('Gainesville, FL ','Gainesville','FL',340715,344198,349559,355362,359780),('Lincoln, NE ','Lincoln','NE',340781,340962,342875,346440,350626),('Greeley, CO ','Greeley','CO',331467,339942,350610,360216,369745),('Rockford, IL ','Rockford','IL',338302,336586,335165,335453,337103),('Green Bay, WI ','Green Bay','WI',328606,328970,330902,332548,334697),('Clarksville, TN-KY ','Clarksville','TN-KY',321847,328962,335804,340249,345955),('Boulder, CO ','Boulder','CO',330953,327133,328039,328419,330262),('Columbus, GA-AL ','Columbus','GA-AL',329195,326487,324118,323936,324343),('South Bend-Mishawaka, IN-MI ','South Bend-Mishawaka','IN-MI',324241,323838,324205,325224,325294),('Roanoke, VA ','Roanoke','VA',315242,314758,314295,314887,315749),('Kingsport-Bristol, TN-VA ','Kingsport-Bristol','TN-VA',307757,308740,311033,312802,313876),('Kennewick-Richland, WA ','Kennewick-Richland','WA',304578,308734,311299,314999,319428),('Waco, TX ','Waco','TX',296403,299356,301913,305430,307123),('Hagerstown-Martinsburg, MD-WV ','Hagerstown-Martinsburg','MD-WV',294463,298615,302325,306547,311295),('Olympia-Lacey-Tumwater, WA ','Olympia-Lacey-Tumwater','WA',296018,298241,298645,299519,302912),('Crestview-Fort Walton Beach-Destin, FL ','Crestview-Fort Walton Beach-Destin','FL',287988,293422,300215,305962,310149),('Sioux Falls, SD-MN ','Sioux Falls','SD-MN',287413,292064,299092,304068,308266),('Utica-Rome, NY ','Utica-Rome','NY',291134,289680,288078,287581,287932),('Longview, TX ','Longview','TX',286417,288280,290804,294231,295490),('Merced, CA ','Merced','CA',282963,284834,292034,294402,296774),('Duluth, MN-WI ','Duluth','MN-WI',280618,279990,280337,281587,281815),('San Luis Obispo-Paso Robles, CA ','San Luis Obispo-Paso Robles','CA',281924,279468,282535,282007,281843),('Norwich-New London-Willimantic, CT ','Norwich-New London-Willimantic','CT',278379,278855,279398,280622,282602),('Tuscaloosa, AL ','Tuscaloosa','AL',274085,277612,278800,280175,281963),('Bremerton-Silverdale-Port Orchard, WA ','Bremerton-Silverdale-Port Orchard','WA',275832,276629,277876,277650,281420),('Cedar Rapids, IA ','Cedar Rapids','IA',276637,276051,275663,276088,278677),('Ponce, PR ','Ponce','PR',277821,274178,269186,266070,265039),('College Station-Bryan, TX ','College Station-Bryan','TX',268965,272697,278389,284160,287462),('Slidell-Mandeville-Covington, LA ','Slidell-Mandeville-Covington','LA',265007,270188,273494,275801,277615),('Evansville, IN ','Evansville','IN',269524,270018,270133,271002,271793),('Amarillo, TX ','Amarillo','TX',269051,269858,270751,272981,274650),('Erie, PA ','Erie','PA',270739,269455,269112,268203,267750),('Laredo, TX ','Laredo','TX',267368,267465,268276,270538,272823),('Lynchburg, VA ','Lynchburg','VA',261655,262537,263320,265045,266432),('Santa Cruz-Watsonville, CA ','Santa Cruz-Watsonville','CA',271768,260904,265851,263699,262406),('Kalamazoo-Portage, MI ','Kalamazoo-Portage','MI',261814,260566,261417,263297,264780),('San Rafael, CA ','San Rafael','CA',261341,259254,257143,255706,256400),('Yakima, WA ','Yakima','WA',256736,256743,256566,257193,258523),('Bend, OR ','Bend','OR',248978,256185,258203,261297,264407),('Fargo, ND-MN ','Fargo','ND-MN',250256,255004,259659,264582,267793),('Aguadilla, PR ','Aguadilla','PR',253644,253139,250793,250299,250969),('Binghamton, NY ','Binghamton','NY',246526,246686,245048,243976,243971),('Appleton, WI ','Appleton','WI',243451,243961,245306,247131,248992),('Lake Charles, LA ','Lake Charles','LA',254329,242423,239542,240867,242975),('Prescott Valley-Prescott, AZ ','Prescott Valley-Prescott','AZ',237228,242392,246266,249499,252013),('Daphne-Fairhope-Foley, AL ','Daphne-Fairhope-Foley','AL',233244,239411,246577,254107,261608),('Champaign-Urbana, IL ','Champaign-Urbana','IL',236446,237476,237981,239849,242453),('Tyler, TX ','Tyler','TX',234200,237206,242249,245955,249091),('Macon-Bibb County, GA ','Macon-Bibb County','GA',233609,233183,233969,236333,237617),('Topeka, KS ','Topeka','KS',232904,232847,231775,232166,232648),('Barnstable Town, MA ','Barnstable Town','MA',228060,232379,232571,232759,232570),('Fort Smith, AR-OK ','Fort Smith','AR-OK',227222,228097,230066,231261,232848),('Rochester, MN ','Rochester','MN',226573,227556,228307,229429,230742),('Burlington-South Burlington, VT ','Burlington-South Burlington','VT',225743,227246,228290,228503,229445),('Bellingham, WA ','Bellingham','WA',227451,226725,230701,232686,234954),('Lafayette-West Lafayette, IN ','Lafayette-West Lafayette','IN',223854,225078,227077,228311,229701),('Monroe, LA ','Monroe','LA',226704,224783,222766,222197,221921),('Medford, OR ','Medford','OR',223755,224649,222153,221338,221331),('Charlottesville, VA ','Charlottesville','VA',221635,223302,224000,225400,227336),('Hilton Head Island-Bluffton-Port Royal, SC ','Hilton Head Island-Bluffton-Port Royal','SC',216977,222380,227920,232603,237393),('Las Cruces, NM ','Las Cruces','NM',220069,221756,223604,226534,229366),('Athens-Clarke County, GA ','Athens-Clarke County','GA',215715,218338,220609,222637,223689),('Lake Havasu City-Kingman, AZ ','Lake Havasu City-Kingman','AZ',214173,217186,220947,223801,226479),('Columbia, MO ','Columbia','MO',210854,212958,214653,217180,219426),('Mayag체ez, PR ','Mayag체ez','PR',213391,212013,209120,207735,207205),('Lexington Park, MD ','Lexington Park','MD',206927,208923,209653,210307,211382),('Yuma, AZ ','Yuma','AZ',205665,207743,209538,215448,220310),('Springfield, IL ','Springfield','IL',208495,207638,206559,206212,206308),('Charleston, WV ','Charleston','WV',209967,207346,204643,202942,202091),('Johnson City, TN ','Johnson City','TN',207484,207185,210476,213552,214948),('Elkhart-Goshen, IN ','Elkhart-Goshen','IN',207009,207093,207161,206963,207436),('Gainesville, GA ','Gainesville','GA',203409,206998,213126,218248,221745),('Houma-Bayou Cane-Thibodaux, LA ','Houma-Bayou Cane-Thibodaux','LA',206859,206580,200359,199182,199206),('Chico, CA ','Chico','CA',210222,206351,207384,207354,208334),('Panama City-Panama City Beach, FL ','Panama City-Panama City Beach','FL',199857,204404,211158,217967,226221),('Jacksonville, NC ','Jacksonville','NC',205111,203563,206718,211184,212954),('Joplin, MO-KS ','Joplin','MO-KS',200896,201957,203119,205025,207131),('St. Cloud, MN ','St. Cloud','MN',199846,200760,202126,203677,205878),('Florence, SC ','Florence','SC',199656,199132,199294,199822,200474),('Racine-Mount Pleasant, WI ','Racine-Mount Pleasant','WI',198065,196829,196710,197407,198651),('Auburn-Opelika, AL ','Auburn-Opelika','AL',194328,196569,199605,202618,206006),('Warner Robins, GA ','Warner Robins','GA',192400,195499,198275,200762,204110),('Punta Gorda, FL ','Punta Gorda','FL',188017,194982,203113,207085,212122),('St. George, UT ','St. George','UT',182029,191552,197898,202735,207943),('Saginaw, MI ','Saginaw','MI',189883,189533,188425,187769,187714),('Billings, MT ','Billings','MT',184726,187374,190252,191390,192531),('Dover, DE ','Dover','DE',182317,185069,187819,190123,192690),('Kingston, NY ','Kingston','NY',181277,183487,182357,182906,182977),('Bowling Green, KY ','Bowling Green','KY',180069,182549,186420,190604,195159),('Redding, CA ','Redding','CA',182190,182243,180972,180656,181121),('Yuba City, CA ','Yuba City','CA',181480,182156,183017,184152,186014),('Arecibo, PR ','Arecibo','PR',182525,181928,179947,179360,180071),('Blacksburg-Christiansburg-Radford, VA ','Blacksburg-Christiansburg-Radford','VA',181758,181230,181397,181889,182041),('Jackson, TN ','Jackson','TN',180571,180514,181580,182255,183680),('Coeur d\'Alene, ID ','Coeur d\'Alene','ID',172791,180089,183540,185237,188323),('El Centro, CA ','El Centro','CA',179730,179206,179767,180585,181724),('Abilene, TX ','Abilene','TX',176926,177918,180072,182838,184278),('Iowa City, IA ','Iowa City','IA',175593,177573,179356,180756,182711),('Muskegon-Norton Shores, MI ','Muskegon-Norton Shores','MI',174794,175581,175526,176476,177428),('Greenville, NC ','Greenville','NC',173643,175491,177090,178956,180783),('Midland, TX ','Midland','TX',175986,173853,177931,183557,188766),('Burlington, NC ','Burlington','NC',171620,173642,176544,179617,183040),('Eau Claire, WI ','Eau Claire','WI',172223,172580,173610,175007,176153),('Bloomington, IL ','Bloomington','IL',171236,171411,171571,171493,172069),('Oshkosh-Neenah, WI ','Oshkosh-Neenah','WI',171796,170590,171049,172105,173307),('Pueblo, CO ','Pueblo','CO',168352,169354,169485,169723,169866),('La Crosse-Onalaska, WI-MN ','La Crosse-Onalaska','WI-MN',170476,169090,170184,170437,170763),('Terre Haute, IN ','Terre Haute','IN',168779,168742,168543,168657,168874),('Kenosha, WI ','Kenosha','WI',169202,168446,167920,167867,168754),('Waterloo-Cedar Falls, IA ','Waterloo-Cedar Falls','IA',168403,168082,167720,168895,170081),('Amherst Town-Northampton, MA ','Amherst Town-Northampton','MA',148589,165069,165397,165686,165399),('Kahului-Wailuku, HI ','Kahului-Wailuku','HI',164882,164896,164560,164835,163769),('Janesville-Beloit, WI ','Janesville-Beloit','WI',163761,164128,163959,164443,165461),('Sebastian-Vero Beach-West Vero Corridor, FL ','Sebastian-Vero Beach-West Vero Corridor','FL',160452,163903,167698,170487,172139),('Idaho Falls, ID ','Idaho Falls','ID',158401,162945,165747,168481,171233),('Bloomington, IN ','Bloomington','IN',161969,162762,162733,162827,162553),('Odessa, TX ','Odessa','TX',165511,160809,161480,165450,170022),('Jackson, MI ','Jackson','MI',160223,160181,159828,159835,160233),('Homosassa Springs, FL ','Homosassa Springs','FL',154569,158193,162586,166836,170174),('State College, PA ','State College','PA',157987,158008,157992,159087,159805),('Grand Junction, CO ','Grand Junction','CO',156011,157458,158585,159690,161260),('Chambersburg, PA ','Chambersburg','PA',155951,156589,157017,158054,159285),('Decatur, AL ','Decatur','AL',156404,156322,157400,158960,159651),('Monroe, MI ','Monroe','MI',154909,155569,155412,155590,156045),('Santa Fe, NM ','Santa Fe','NM',155056,155429,155768,156507,157765),('Hattiesburg, MS ','Hattiesburg','MS',154064,154923,155535,156072,156575),('Traverse City, MI ','Traverse City','MI',153657,154849,155794,156309,156634),('Niles, MI ','Niles','MI',154426,153598,153064,152651,152703),('Bangor, ME ','Bangor','ME',152179,153383,154817,156329,156840),('Hanford-Corcoran, CA ','Hanford-Corcoran','CA',152797,152724,152776,153281,154913),('Florence-Muscle Shoals, AL ','Florence-Muscle Shoals','AL',151336,152461,153926,155249,156287),('Logan, UT-ID ','Logan','UT-ID',147912,152143,155622,158709,161125),('Vineland, NJ ','Vineland','NJ',153724,152100,151686,153338,155678),('Dothan, AL ','Dothan','AL',151174,151456,152488,153480,154766),('Alexandria, LA ','Alexandria','LA',151811,150910,148999,148382,148008),('Rapid City, SD ','Rapid City','SD',147818,150849,153972,155882,156227),('Jefferson City, MO ','Jefferson City','MO',149441,149981,150377,150860,151523),('Wichita Falls, TX ','Wichita Falls','TX',148434,149118,149508,149862,149869),('Valdosta, GA ','Valdosta','GA',148353,148991,149748,151266,152588),('Texarkana, TX-AR ','Texarkana','TX-AR',147470,146687,145984,145760,145576),('Winchester, VA-WV ','Winchester','VA-WV',142995,145448,146222,147564,149702),('Albany, GA ','Albany','GA',148253,144976,145873,145538,145451),('Sioux City, IA-NE-SD ','Sioux City','IA-NE-SD',144365,143963,144010,145070,145994),('Lebanon, PA ','Lebanon','PA',143292,143772,144003,144546,145319),('Rocky Mount, NC ','Rocky Mount','NC',143939,143566,144403,145742,147114),('Flagstaff, AZ ','Flagstaff','AZ',145190,142927,144326,144934,145161),('Dalton, GA ','Dalton','GA',142806,142705,143684,145219,146386),('Morgantown, WV ','Morgantown','WV',140103,140846,141117,141799,142752),('Sherman-Denison, TX ','Sherman-Denison','TX',136152,139652,143292,147056,150532),('Wheeling, WV-OH ','Wheeling','WV-OH',139127,137930,136690,135718,135136),('Wausau, WI ','Wausau','WI',138114,137798,138175,138838,139091),('Napa, CA ','Napa','CA',137465,136219,134492,133444,132727),('Harrisonburg, VA ','Harrisonburg','VA',135484,136032,136597,138008,138838),('Springfield, OH ','Springfield','OH',135894,135490,134686,134735,134985),('Hammond, LA ','Hammond','LA',133642,135487,136734,137999,139823),('Wildwood-The Villages, FL ','Wildwood-The Villages','FL',130303,134908,144978,152157,154693),('Bismarck, ND ','Bismarck','ND',133779,134843,136035,137404,139183),('Jonesboro, AR ','Jonesboro','AR',134578,134346,135262,136618,138152),('Battle Creek, MI ','Battle Creek','MI',134219,133905,133475,133505,133785),('Manhattan, KS ','Manhattan','KS',134198,133885,133474,133371,134892),('Johnstown, PA ','Johnstown','PA',133198,132240,131432,130713,130108),('Mount Vernon-Anacortes, WA ','Mount Vernon-Anacortes','WA',129901,131018,131229,131754,132736),('Pittsfield, MA ','Pittsfield','MA',129812,130199,129551,128863,128726),('Albany, OR ','Albany','OR',128967,130062,130516,131509,132474),('Salisbury, MD ','Salisbury','MD',128130,128673,129681,130629,131570),('Lawton, OK ','Lawton','OK',126681,127769,127863,127338,126899),('Cleveland, TN ','Cleveland','TN',126398,127488,128613,130198,132120),('Elizabethtown, KY ','Elizabethtown','KY',125717,126905,126941,127724,127954),('Glens Falls, NY ','Glens Falls','NY',126714,126605,126212,125540,125127),('Ames, IA ','Ames','IA',125353,126453,126565,128068,129227),('Sierra Vista-Douglas, AZ ','Sierra Vista-Douglas','AZ',125533,126147,125497,124881,125773),('Staunton-Stuarts Draft, VA ','Staunton-Stuarts Draft','VA',125675,126083,126603,127269,128481),('Mansfield, OH ','Mansfield','OH',124988,125382,125268,125003,124853),('Missoula, MT ','Missoula','MT',122921,124716,125968,126807,127741),('Wenatchee-East Wenatchee, WA ','Wenatchee-East Wenatchee','WA',122339,123701,124179,125449,127023),('Bozeman, MT ','Bozeman','MT',119607,123119,124733,125929,126984),('Altoona, PA ','Altoona','PA',122664,122160,120796,120494,120269),('Farmington, NM ','Farmington','NM',121387,121019,120580,120907,120817),('St. Joseph, MO-KS ','St. Joseph','MO-KS',121638,120801,119759,118739,119124),('San Angelo, TX ','San Angelo','TX',121713,120778,120550,120897,121629),('Morristown, TN ','Morristown','TN',119459,119911,122002,124363,126932),('Lawrence, KS ','Lawrence','KS',118787,119503,120053,121179,121989),('Sheboygan, WI ','Sheboygan','WI',118058,117710,117860,117995,118331),('Goldsboro, NC ','Goldsboro','NC',117772,117395,118185,119570,120338),('Twin Falls, ID ','Twin Falls','ID',114642,117150,119201,120978,122565),('Watertown-Fort Drum, NY ','Watertown-Fort Drum','NY',116071,116925,115487,113575,113140),('Weirton-Steubenville, WV-OH ','Weirton-Steubenville','WV-OH',116713,115785,114290,113745,113239),('Anniston-Oxford, AL ','Anniston-Oxford','AL',116242,115633,115744,116403,116427),('Sandusky, OH ','Sandusky','OH',115780,115069,114547,113944,113533),('Brunswick-St. Simons, GA ','Brunswick-St. Simons','GA',113520,113952,114588,116178,117135),('Beckley, WV ','Beckley','WV',114852,113859,112274,111605,110979),('Williamsport, PA ','Williamsport','PA',114130,113576,113223,113282,113236),('Lewiston-Auburn, ME ','Lewiston-Auburn','ME',111178,112733,113454,114477,115272),('Michigan City-La Porte, IN ','Michigan City-La Porte','IN',112287,112552,111810,111586,111348),('Owensboro, KY ','Owensboro','KY',112531,112208,112485,113003,113583),('Muncie, IN ','Muncie','IN',111757,112059,112183,112448,112951),('Longview-Kelso, WA ','Longview-Kelso','WA',111021,111701,112058,113040,113982),('Kankakee, IL ','Kankakee','IL',107403,106757,106221,106386,106410),('Ithaca, NY ','Ithaca','NY',99778,105974,105827,105505,105602),('Gettysburg, PA ','Gettysburg','PA',103802,105696,106017,107147,107914),('Sumter, SC ','Sumter','SC',105493,104879,104068,104410,104776),('Fond du Lac, WI ','Fond du Lac','WI',104156,104117,104010,104135,104269),('Mankato, MN ','Mankato','MN',103694,103743,104062,104716,105193),('Sebring, FL ','Sebring','FL',101340,103286,105954,108151,109778),('Grand Forks, ND-MN ','Grand Forks','ND-MN',104213,103240,102863,103636,104184),('Bay City, MI ','Bay City','MI',103747,103116,102754,102774,102651),('Pinehurst-Southern Pines, NC ','Pinehurst-Southern Pines','NC',100293,103049,105548,107072,108417),('Paducah, KY-IL ','Paducah','KY-IL',103454,102938,102507,102446,102395),('Gadsden, AL ','Gadsden','AL',103437,102887,102821,103174,103207),('Decatur, IL ','Decatur','IL',103764,102619,101369,100754,100737),('Lima, OH ','Lima','OH',102137,101800,101086,100851,100866),('Cheyenne, WY ','Cheyenne','WY',100733,100843,100860,101079,101783),('Hot Springs, AR ','Hot Springs','AR',100266,100306,99942,99759,99902),('Dubuque, IA ','Dubuque','IA',99310,98863,98748,98988,99242),('Rome, GA ','Rome','GA',98583,98498,99586,100407,101390),('Victoria, TX ','Victoria','TX',98338,98051,98272,98939,99170),('Cape Girardeau, MO-IL ','Cape Girardeau','MO-IL',97551,97754,98309,98369,98862),('Fairbanks-College, AK ','Fairbanks-College','AK',95349,95553,95749,95700,94951),('Corvallis, OR ','Corvallis','OR',93615,93031,97406,98566,98899),('Helena, MT ','Helena','MT',90184,92316,94332,95961,96735),('Parkersburg-Vienna, WV ','Parkersburg-Vienna','WV',89333,88887,88459,87941,87681),('Grants Pass, OR ','Grants Pass','OR',88228,88599,87786,88001,88276),('Pocatello, ID ','Pocatello','ID',87281,88523,89871,90585,91010),('Great Falls, MT ','Great Falls','MT',84411,84565,84908,84625,84523),('Hinesville, GA ','Hinesville','GA',81603,83876,86440,87886,89046),('Kokomo, IN ','Kokomo','IN',83587,83653,83574,83857,84082),('Midland, MI ','Midland','MI',83493,83504,83761,84007,84022),('Elmira, NY ','Elmira','NY',83677,83064,81598,81279,81115),('Columbus, IN ','Columbus','IN',82215,82732,83746,84248,84741),('Casper, WY ','Casper','WY',80300,79642,79565,79968,80410),('Minot, ND ','Minot','ND',77520,76761,76306,75896,75938),('Grand Island, NE ','Grand Island','NE',76922,76276,76522,76968,77278),('Guayama, PR ','Guayama','PR',68232,67037,66041,65150,64546),('Lewiston, ID-WA ','Lewiston','ID-WA',64476,64987,65500,65488,65370),('Walla Walla, WA ','Walla Walla','WA',62629,62232,62085,61789,62068),('Enid, OK ','Enid','OK',62701,61977,61990,62055,62007),('Carson City, NV ','Carson City','NV',58682,58770,58094,58226,58148),('Eagle Pass, TX ','Eagle Pass','TX',57873,57690,57813,58203,58829);
/*!40000 ALTER TABLE `pop_2024_copy` ENABLE KEYS */;
UNLOCK TABLES;
/*!40103 SET TIME_ZONE=@OLD_TIME_ZONE */;

/*!40101 SET SQL_MODE=@OLD_SQL_MODE */;
/*!40014 SET FOREIGN_KEY_CHECKS=@OLD_FOREIGN_KEY_CHECKS */;
/*!40014 SET UNIQUE_CHECKS=@OLD_UNIQUE_CHECKS */;
/*!40101 SET CHARACTER_SET_CLIENT=@OLD_CHARACTER_SET_CLIENT */;
/*!40101 SET CHARACTER_SET_RESULTS=@OLD_CHARACTER_SET_RESULTS */;
/*!40101 SET COLLATION_CONNECTION=@OLD_COLLATION_CONNECTION */;
/*!40111 SET SQL_NOTES=@OLD_SQL_NOTES */;

-- Dump completed on 2025-06-08 22:13:35
